Order_ID,Customer,City,Amount,Status
1,Peria,Slovenska Bistrica,25,Pending
2,Nadia,Cekcyn,5.49,Delivered
3,Elvyn,Bobolice,3.99,Cancelled
4,Alfreda,Mont-Saint-Aignan,2.99,Pending
5,Weston,Dungkek Laok,4.99,Delivered
6,Pearl,Baton Rouge,19.99,Delivered
7,Yvor,Łyse,3.49,Delivered
8,Emanuel,Purda,19.99,Cancelled
9,Luke,Quixadá,3.29,Cancelled
10,Adolphus,Jiangfang,15.99,Cancelled
11,Gayelord,Kąty Wrocławskie,10.99,Pending
12,Coleman,Wartburg,19.99,Cancelled
13,Gilbert,Kudang,3.49,Delivered
14,Ermanno,Kaduy,34.99,Delivered
15,Arvin,San Pedro,24.99,Delivered
16,Niki,Söderköping,34.99,Cancelled
17,Francene,Vybor,2.49,Delivered
18,Betti,Champigny-sur-Marne,10.99,Pending
19,Ambur,Tugdan,3.49,Cancelled
20,Korie,Dobroměřice,14.99,Delivered
21,Anderson,Kurunegala,6.49,Pending
22,Rickie,Bonavista,5.29,Cancelled
23,Wendel,Chunhu,39.99,Cancelled
24,Morgun,Mataloko,24.99,Cancelled
25,Jewel,San Juan,199.99,Pending
26,Wendall,Batukuta,4.99,Delivered
27,Sean,Tiannan,3.79,Delivered
28,Donella,Banocboc,22.99,Delivered
29,Rosamond,Zhuge,89.99,Pending
30,Timmy,Vilar do Pinheiro,79.99,Cancelled
31,Kaylil,Shawnee Mission,39.99,Delivered
32,Linell,Eisen,49.99,Cancelled
33,Marlin,Leramatang,15.99,Pending
34,Pooh,Châlons-en-Champagne,29.99,Delivered
35,Margarita,Ōi,4.99,Pending
36,Lenard,Tapon,3.79,Pending
37,Anderson,Limatambo,4.99,Cancelled
38,Mylo,Darpas,15.99,Cancelled
39,Roselin,Kesambilerenkrajan,1.29,Cancelled
40,Adoree,Mliwang,18.99,Delivered
41,Eilis,Nangabulik,4.99,Pending
42,Emili,Balazar,4.89,Cancelled
43,Brandice,Prochowice,3.99,Cancelled
44,Cyril,Dongsheng,4.99,Pending
45,Roscoe,San Vicente,2.99,Pending
46,Haley,Boshan,19.99,Delivered
47,Maisey,Sibay,12.99,Delivered
48,Lilyan,Tomigusuku,1.49,Delivered
49,Lindy,Cetinje,34.99,Cancelled
50,Jules,Monte Plata,1.89,Pending
51,Martita,Cabano,3.29,Delivered
52,Eadith,Andoany,5.49,Pending
53,Mathew,Cibeureum Kidul,34.99,Delivered
54,Vick,Kowary,3.99,Pending
55,Evangeline,Kedungtuban,4.79,Delivered
56,Corly,Touho,199.99,Pending
57,Kaiser,Arrentela,59.99,Delivered
58,Anica,Memphis,14.99,Cancelled
59,Howey,Naḥf,4.99,Delivered
60,Rosanna,Jeziora Wielkie,3.49,Cancelled
61,Sherri,Sémé,29.99,Delivered
62,Dilan,Shaba Zhen,9.99,Delivered
63,Neile,Aguelmous,59.99,Cancelled
64,Gusty,Dongfeng,19.99,Cancelled
65,Ritchie,Sakākā,29.99,Pending
66,Bernete,Siumate,3.79,Cancelled
67,Faustine,Cuauhtemoc,2.99,Cancelled
68,Casper,Mniszków,4.29,Delivered
69,Helaine,Krajan Alasdowo,5.49,Cancelled
70,Michaella,Starobin,22.99,Pending
71,Elizabeth,Sogod,12.99,Cancelled
72,Leila,Yambol,6.89,Pending
73,Maiga,Kuala Lumpur,19.99,Pending
74,Anatole,Al Bilād,2.49,Pending
75,Aurie,Kawungsari,3.99,Cancelled
76,Zollie,Muliang,29.99,Delivered
77,Byrom,Al Mazzūnah,44.99,Delivered
78,Arthur,Tashtagol,89.99,Pending
79,Fairleigh,Sieradza,19.99,Pending
80,Lianna,Amarete,45,Delivered
81,Pepita,Owo,7.99,Cancelled
82,Cassi,Raposos,3.89,Cancelled
83,Cletis,New York City,19.99,Cancelled
84,Karon,Bromont,3.49,Pending
85,Stevena,Shums’k,79.99,Cancelled
86,Ted,Kobiernice,1.99,Pending
87,Sharron,Toulouse,39.99,Cancelled
88,Daron,Dzüünbulag,14.99,Pending
89,Angele,Itapaci,59.99,Cancelled
90,Melony,Yuncheng,34.99,Delivered
91,Bernard,Rzeszów,4.99,Pending
92,Nell,San Miguel,1.99,Cancelled
93,Morissa,Saint-Brieuc,3.99,Cancelled
94,Yoko,Pelem,34.99,Delivered
95,Etan,Mojolampir,2.99,Pending
96,Yvon,Wangchang,4.99,Delivered
97,Jobina,Balogo,3.99,Delivered
98,Micky,Zhongxian,2.99,Delivered
99,Fidel,Loshnitsa,2.99,Delivered
100,Lyell,Zigong,4.99,Cancelled
101,Vanny,Basoko,19.99,Delivered
102,Julee,Changma,5.99,Delivered
103,Verena,Chambellan,2.99,Pending
104,Gerome,Pingyao,4.99,Delivered
105,Glori,Toutuo,3.79,Delivered
106,Padriac,Náklo,139.99,Delivered
107,Patten,Laohugang,44.99,Delivered
108,Mariann,Khondāb,2.49,Delivered
109,Sonya,Pagelaran,3.89,Pending
110,Allyson,Hondo,5.99,Pending
111,Dulcy,Sukasari,49.99,Pending
112,Gwenora,San Marcos,29.99,Delivered
113,Eldredge,Francistown,6.99,Pending
114,Ignatius,Masaki-chō,24.99,Delivered
115,Fayina,Dongshangen,2.89,Pending
116,Cozmo,Kaduela,14.99,Cancelled
117,Padgett,Shanlian,5.99,Pending
118,Rosella,Diang,49.99,Cancelled
119,Pauli,Kokologo,29.99,Delivered
120,Elset,Tawaran,34.99,Delivered
121,Wendie,Jiujianfang,10.99,Pending
122,Matthiew,Kopashnovo,22.99,Cancelled
123,Tom,Yuecheng,39.99,Pending
124,Livvyy,Belfast,8.99,Pending
125,Viva,Ambarita,35.99,Pending
126,Mercie,Shuishiying,39.99,Pending
127,Renault,San Miguel Ixtahuacán,4.29,Pending
128,Carley,Watuweri,49.99,Pending
129,Cordy,Hässelby,4.99,Pending
130,Milton,Bentar,3.99,Delivered
131,Tobe,Hamburg,39.99,Pending
132,Mitch,As Samawah,2.79,Pending
133,Raul,Casal dos Bernardos,8.99,Cancelled
134,Stevie,Tambo,2.29,Delivered
135,Kerianne,Odolanów,39.99,Delivered
136,Arlen,Enewetak,24.99,Pending
137,Ginny,Seixo Alvo,4.49,Delivered
138,Chester,Nanwai,29.99,Delivered
139,Thoma,Ma’an,359.99,Pending
140,Virge,Jaen,15.99,Pending
141,Vivian,Sukoanyar,39.99,Delivered
142,Aguistin,Sterlibashevo,4.99,Cancelled
143,Tomas,Kaminoyama,2.79,Pending
144,Andros,Cipolletti,3.99,Pending
145,Ailene,Beigou,2.49,Cancelled
146,Sonnie,Boituva,29.99,Delivered
147,Christos,Luebo,4.29,Cancelled
148,Johan,Savyon,3.79,Pending
149,Babbette,Ordem,39.99,Delivered
150,Bret,Kréstena,39.99,Pending
151,Aloysius,Tsagaannuur,2.59,Cancelled
152,Kenna,Prinza,3.99,Cancelled
153,Marleen,West Palm Beach,2.99,Delivered
154,Biron,Uherský Brod,39.99,Cancelled
155,Darryl,Santa María de Caparo,2.49,Pending
156,Barde,Pakxé,19.99,Pending
157,Thorny,Longtan,3.59,Pending
158,Timmie,Mitsukaidō,5.99,Cancelled
159,Arline,Naga,79.99,Pending
160,Krystle,Pare,99.99,Delivered
161,Krystalle,Jepat Kidul,39.99,Pending
162,Lacy,Ouahigouya,3.99,Delivered
163,Hendrika,Kuanchuan,79.99,Delivered
164,Nell,Kuniran,3.49,Cancelled
165,Baryram,San Diego,1.89,Cancelled
166,Colline,Loyola,6.29,Delivered
167,Robin,San Juan,49.99,Delivered
168,Hally,Aramayuan,3.39,Delivered
169,Abigail,Quesada,45,Cancelled
170,Gretchen,Staraya Kupavna,12.99,Pending
171,Isadore,Xilanqi,5.99,Pending
172,Maxie,Mulawato,49.99,Pending
173,Hallsy,Banjar Paangkelod,2.49,Pending
174,Sigismund,Wąwolnica,149.99,Pending
175,Morgen,Sumberejo,129.99,Delivered
176,Austina,Tonshayevo,24.99,Pending
177,Ezechiel,Monte Azul Paulista,2.49,Cancelled
178,Shelli,Enköping,44.99,Cancelled
179,Henrie,Marabahan,29.99,Delivered
180,Mathilde,Emmen,12.99,Pending
181,Devin,Liangli,6.99,Cancelled
182,Wolfy,Morris,32.99,Cancelled
183,Philomena,Gemuruh,3.49,Cancelled
184,Ynes,Chone,4.29,Pending
185,Alleyn,Baffa,2.99,Delivered
186,Jocelyne,Vitória,24.99,Delivered
187,Venus,Hyltebruk,39.99,Delivered
188,Antonin,Mungo,39.99,Pending
189,Blaire,Cibalieur,4.99,Cancelled
190,Ced,Yuzawa,2.49,Delivered
191,Durand,Simi Valley,12.99,Cancelled
192,Waylan,Kuhmalahti,29.99,Pending
193,Hedvig,Dois Vizinhos,1.79,Cancelled
194,Cara,Woshui,5.49,Pending
195,Belvia,Jinkou,14.99,Cancelled
196,Collie,Oncativo,3.99,Delivered
197,Cass,Nueva Loja,34.99,Cancelled
198,Isabel,Modis,3.29,Pending
199,Tadeo,Luobei,3.99,Pending
200,Jordan,Sawangan,4.99,Pending
201,Petra,Bells Corners,119.99,Cancelled
202,Cherie,Budapest,1.29,Pending
203,Neil,Nouâdhibou,3.49,Pending
204,Rayna,San Rafael Abajo,39.99,Delivered
205,Drud,Villamaría,19.99,Pending
206,Ginny,Guadalupe,19.99,Delivered
207,Wood,Lexington,99.99,Pending
208,Phyllis,Stupsk,8.99,Delivered
209,Mellie,Xiaba,59.99,Pending
210,Regine,Kokofata,4.99,Delivered
211,Jean,Randegan,6.49,Delivered
212,Parsifal,Guilherand-Granges,29.99,Cancelled
213,Nollie,Babahoyo,24.99,Cancelled
214,Allyson,Karangkedawung,5.99,Cancelled
215,Lorelei,Sakado,9.99,Pending
216,Lindsay,Kissidougou,39.99,Delivered
217,Darrell,Dongming,24.99,Pending
218,Tiffy,Fontana,3.99,Pending
219,Levy,Tai’an,34.99,Pending
220,Lewie,Batiano,5.99,Pending
221,Juliann,'s-Hertogenbosch,2.99,Delivered
222,Mile,Amiens,5.49,Delivered
223,Ramona,Fukushima-shi,5.99,Delivered
224,Monte,Kerkrade,19.99,Pending
225,Justis,Kawayan,6.99,Pending
226,Jeannie,Ambian,129.99,Pending
227,Penelope,Abū Zabad,12.99,Pending
228,Nadine,Phnom Penh,3.29,Pending
229,Simonne,Sangmélima,69.99,Cancelled
230,Corney,Ubaitaba,24.99,Cancelled
231,Ewan,Sikasso,2.99,Cancelled
232,Carmelita,Jialou,5.49,Delivered
233,Tan,Shashūbay,24.99,Delivered
234,Stephine,Afonsoeiro,4.99,Cancelled
235,Dorthy,Wangzuo,199.99,Cancelled
236,Dosi,Pueblo Nuevo,19.99,Cancelled
237,Marisa,Ximafang,3.49,Cancelled
238,Constance,Kangxung,19.99,Pending
239,Sven,Butungan,49.99,Pending
240,Gaspar,Ronneby,89.99,Pending
241,Carol-jean,Santa Rosa,5.49,Delivered
242,Ransell,Goundam,4.19,Pending
243,Tabbi,Zásmuky,4.49,Cancelled
244,Guthrey,Binafun,3.99,Pending
245,Iggy,Baie-D'Urfé,29.99,Cancelled
246,Joby,Heliconia,12.99,Delivered
247,Iris,Tecpán Guatemala,24.99,Cancelled
248,Dayle,Kýria,2.79,Cancelled
249,Adrian,Vale de Figueira,2.29,Pending
250,Alanson,Maracás,10.99,Pending
251,Marga,Wadung,34.99,Cancelled
252,Elisha,Mertani,59.99,Cancelled
253,Angelica,Xintaimen,54.99,Delivered
254,August,Awilega,49.99,Cancelled
255,Eleanore,Chengzhai,19.99,Delivered
256,Gregoire,Mestre,3.99,Pending
257,Kettie,Pakemitan Dua,4.49,Cancelled
258,Jillie,Yuanling,22.99,Delivered
259,Sheri,Quzhou,2.99,Cancelled
260,Blanche,Düsseldorf,69.99,Delivered
261,Pete,Dongting,2.99,Pending
262,Felicity,Xikou,39.99,Cancelled
263,Nester,Haridimun,12.99,Pending
264,Zachariah,Baton Rouge,19.99,Pending
265,Cissy,Jargalant,39.99,Delivered
266,Kaylyn,Yaodu,19.99,Cancelled
267,Meggie,Inicbulan,39.99,Cancelled
268,Chaunce,Shataping,349.99,Delivered
269,Cassie,Ludgeřovice,49.99,Delivered
270,Dennet,Wantian,7.49,Delivered
271,Marie-ann,Angra dos Reis,2.99,Pending
272,Webster,Orlando,24.99,Pending
273,Fara,La Huaca,1.29,Cancelled
274,Padget,Yangchengzhuang,3.99,Delivered
275,Fred,Dalu,99.99,Pending
276,Stanwood,Catalina,129.99,Pending
277,Tomasina,Cauayan,129.99,Delivered
278,Hyacinthia,Rengasdengklok,3.59,Cancelled
279,Raff,Port Harcourt,12.99,Cancelled
280,Cami,‘Izbat al Burj,2.99,Delivered
281,Raffaello,Živinice,6.49,Pending
282,Janot,Korisós,4.99,Cancelled
283,Anthea,Areia Branca,3.49,Pending
284,Bria,Nusajaya,3.99,Cancelled
285,Lee,Goodlands,18.99,Cancelled
286,Paulita,Rikitgaib,129.99,Pending
287,Viki,Åkersberga,59.99,Delivered
288,Sue,Mazkeret Batya,4.49,Pending
289,Bret,Ar Ruḩaybah,1.29,Delivered
290,Pen,Boa Esperança,8.99,Cancelled
291,Huntley,Pechora,19.99,Pending
292,Kylynn,Jiulong,3.49,Cancelled
293,Myrtie,Ewarton,22.99,Cancelled
294,Lusa,Mandala,7.49,Delivered
295,Natalee,Triánta,5.29,Cancelled
296,Odele,Talmest,19.99,Delivered
297,Wittie,Bayangol,4.99,Delivered
298,Derwin,Katrineholm,39.99,Pending
299,Laura,Xiheshan,89.99,Cancelled
300,Erny,Palos,2.99,Pending
301,Lenore,Jaworzyna Śląska,19.99,Pending
302,Mallory,Sukorambi,8.99,Pending
303,Lanny,Magog,2.49,Cancelled
304,Penelopa,Chodová Planá,2.99,Pending
305,Inger,Huangshi,2.59,Cancelled
306,Letta,Juwana,1.99,Cancelled
307,Shana,Perugia,8.99,Pending
308,Zonda,Bromma,7.19,Delivered
309,Cullan,Wringinputih,2.99,Delivered
310,Ezmeralda,Longwu,249.99,Cancelled
311,Gerrie,Santa Maria da Feira,59.99,Cancelled
312,Eve,Heshui,29.99,Delivered
313,Bernadette,Gucheng,3.99,Delivered
314,Ilyssa,Arteche,2.99,Delivered
315,Kale,Ancenis,1.29,Pending
316,Nancy,Waru Selatan,1.5,Pending
317,Buddie,Thung Khru,4.99,Pending
318,Lucilia,Oslo,2.99,Pending
319,Muffin,Kikerino,4.29,Cancelled
320,Aldis,Passos,34.99,Cancelled
321,Christa,Undurkhaan,3.29,Pending
322,Cathee,Igaraçu do Tietê,5.49,Pending
323,Josefina,Brumado,1.89,Pending
324,Martelle,Guanzhou,49.99,Cancelled
325,Ronnica,Cekcyn,4.49,Delivered
326,Lesley,Shiquan,5.99,Delivered
327,Corbett,Shibetsu,29.99,Pending
328,Dorise,Winduraja,39.99,Pending
329,Chas,Boulaide,6.29,Cancelled
330,Garner,New Iloilo,89,Delivered
331,Cordey,Krajan Tekung,69.99,Pending
332,Vivien,Alminhas,3.79,Delivered
333,Theodoric,Xujia,45.99,Delivered
334,Deane,Rio Claro,2.99,Pending
335,Inger,Comendador,5.49,Delivered
336,Dorice,Az̧ Z̧alī‘ah,39.99,Cancelled
337,Charlie,Sumqayıt,159.99,Delivered
338,Darb,João Pessoa,39.99,Cancelled
339,Inglis,Port Nolloth,24.99,Delivered
340,Hector,Ekenäs,3.99,Pending
341,Alia,Lodhrān,3.99,Pending
342,Horatio,Santo Tomás,3.49,Cancelled
343,Wanids,Licupis,3.49,Pending
344,Terra,San Jacinto,8.99,Delivered
345,Sapphire,Qabqir,2.99,Cancelled
346,Corrianne,Kaom,18.99,Cancelled
347,Ravid,Cayambe,7.99,Pending
348,Evie,Qishn,2.99,Delivered
349,Bren,Xiaping,2.69,Delivered
350,Stefano,Agía Varvára,29.99,Pending
351,Neille,Albrechtice,14.99,Delivered
352,Ulla,Biqiao,19.99,Delivered
353,Cinderella,Jiancha,28.99,Cancelled
354,Erena,Woerden,6.99,Pending
355,Aloisia,Xingtai,39.99,Delivered
356,Bradford,Ma’an,69.99,Pending
357,Romy,Pyra,8.99,Cancelled
358,Dale,Sattahip,99.99,Cancelled
359,Lauraine,Banjar Kertasari,89.99,Cancelled
360,Robenia,Pejek,2.99,Cancelled
361,Stephani,Guxi,199.99,Pending
362,Lucina,Wangdain,69.99,Delivered
363,Antonino,Psachná,7.99,Cancelled
364,Gloriane,Bagong Sikat,34.99,Cancelled
365,Rozalie,Kotel’niki,2.69,Cancelled
366,Marysa,Gennevilliers,34.99,Cancelled
367,Alphonse,Pines,19.99,Pending
368,Hewett,Pasiraman,3.79,Delivered
369,Duky,Tianzhou,22.99,Delivered
370,Kathy,Kopen,34.99,Cancelled
371,Billie,Prey Veng,199.99,Pending
372,Maggie,Norrköping,39.99,Pending
373,Shanda,Gimbi,49.99,Cancelled
374,Arielle,Aracati,3.49,Delivered
375,Freda,Babat,19.99,Pending
376,Onfre,Tintafor,39.99,Pending
377,Abelard,Červená Voda,28.99,Delivered
378,Golda,Phoenix,3.29,Delivered
379,Dougy,Xagqu,5.29,Cancelled
380,Steffane,São Martinho,139.99,Delivered
381,Antonie,Qingshuitang,29.99,Delivered
382,Chad,Panino,1.99,Pending
383,Darius,Kalenderovci Donji,34.99,Delivered
384,Maxy,Hisings Kärra,39.99,Pending
385,Issy,Brinje,2.49,Pending
386,Lyndel,Raposeira,129.99,Cancelled
387,Garry,Ush-Tyube,159.99,Pending
388,Astra,Yanda Bayo,1.49,Cancelled
389,Reinaldos,Porvoo,14.99,Cancelled
390,Remus,Shangjia,2.79,Delivered
391,Padgett,Maubin,49.99,Delivered
392,Kevina,Ladan,4.99,Delivered
393,Audi,Sobral da Adiça,19.99,Cancelled
394,Deeann,Requena,34.99,Cancelled
395,Madelina,Vilares,4.99,Cancelled
396,Etheline,Richard-Toll,1.99,Cancelled
397,Stefania,Uluarang,49.99,Pending
398,Eb,Donji Vakuf,2.99,Cancelled
399,Galina,Nigríta,39.99,Cancelled
400,Brion,Banqiao,249.99,Pending
401,Raul,Schaan,34.99,Cancelled
402,Joane,Tambura,7.99,Delivered
403,Aurore,Tanjung Kidul,6.99,Cancelled
404,Parrnell,Mashi,1.79,Delivered
405,Palmer,Sinubong,99.99,Delivered
406,Alex,Saryshaghan,18.99,Pending
407,Corilla,Shejiang,5.89,Pending
408,Clyve,Chenxiang,15.99,Delivered
409,Judye,Zougang,34.99,Cancelled
410,Enid,Binubusan,79.99,Cancelled
411,Kathryne,Luthu,34.99,Delivered
412,Colan,Pyatigorsk,0.99,Delivered
413,Hewitt,Vorob’yovo,19.99,Pending
414,Blondelle,Ginebra,9.99,Pending
415,Martina,København,3.49,Pending
416,Siffre,Bueng Khong Long,35.99,Pending
417,Hilton,Huangtan,5.59,Delivered
418,Ellary,Montauban,4.99,Delivered
419,Lancelot,Oslo,39.99,Pending
420,Tate,Zhalinghu,44.99,Pending
421,Lorettalorna,Áno Kastrítsion,1.89,Delivered
422,Brendin,Koszęcin,4.29,Cancelled
423,Merci,Frashër,8.49,Delivered
424,Averill,Trzciana,59.99,Cancelled
425,Rosabel,Omiš,22.99,Cancelled
426,Odilia,Klole,89.99,Cancelled
427,Barb,Canggang,3.59,Cancelled
428,Uri,Ban Phue,3.49,Delivered
429,Sloane,Zgurovka,2.49,Cancelled
430,Margarita,Xuanhuadian,34.99,Delivered
431,Laurence,Matsushima,39.99,Cancelled
432,Alexis,Klenje,34.99,Cancelled
433,Roddy,Koshki,7.99,Pending
434,Gerick,Suchedniów,3.29,Pending
435,Locke,Tabalong,4.49,Pending
436,Gamaliel,Dingdian,3.99,Cancelled
437,Georgiana,Levallois-Perret,39.99,Pending
438,Ado,Brasília,79.99,Cancelled
439,Anya,Taksimo,129.99,Pending
440,Anissa,Hicksville,3.99,Cancelled
441,Charita,Gemuruh,29.99,Delivered
442,Nona,Xinji,19.99,Cancelled
443,Catharine,Huancarqui,9.99,Cancelled
444,Layney,Oslo,1.29,Cancelled
445,Merrick,Beiyang,2.49,Delivered
446,Miran,Guangli,39.99,Delivered
447,Aleece,Ryazanskaya,44.99,Cancelled
448,Baxie,Dolní Lhota,2.89,Cancelled
449,Mehetabel,Stockton,199.99,Delivered
450,Poul,Sankeyushu,8.99,Pending
451,Curran,Qimeng,49.99,Pending
452,Othello,Santo Tomás,5.49,Cancelled
453,Rex,Baizhu,1.99,Delivered
454,Curr,Jetis,19.99,Cancelled
455,Dolley,Frontignan,5.99,Delivered
456,Anthony,Baofeng,4.29,Delivered
457,Anatollo,Parengan,19.99,Cancelled
458,Dyan,Cornillon,69.99,Cancelled
459,Inga,Lago,39.99,Delivered
460,Orland,Tanxi,2.39,Delivered
461,Bartel,Vanderhoof,4.19,Delivered
462,Kori,Sosnówka,79.99,Cancelled
463,Trix,Buenavista,17.99,Delivered
464,Jillene,Kedungkrajan,3.79,Pending
465,Henrik,Wuling,2.49,Pending
466,Gwenneth,São João do Campo,39.99,Cancelled
467,Florencia,Venezuela,6.99,Pending
468,Towney,Rogów,49.99,Delivered
469,Theresa,Ipoh,3.99,Cancelled
470,Bernadene,Salvador,5.99,Cancelled
471,Maressa,Ha,3.49,Delivered
472,Cyril,Kaiapoi,149.99,Delivered
473,Rourke,Camilo Aldao,19.99,Delivered
474,Willyt,Yuanguping,5.99,Cancelled
475,Marna,Camgyai,6.99,Delivered
476,Paxon,Bairros,14.99,Cancelled
477,Tracie,Ying’ebu,2.99,Delivered
478,Caro,Mengenkrajan,27.99,Pending
479,Gerhardine,Pedrulheira,39.99,Pending
480,Jard,Llanera,29.99,Cancelled
481,Hamel,Naha-shi,39.99,Delivered
482,Rozella,Sanlifan,15.99,Cancelled
483,Mallory,Yuyangguan,14.99,Delivered
484,Hendrika,Longping,69.99,Pending
485,Verney,Vilarinho da Castanheira,3.99,Cancelled
486,Ring,Karantaba,49.99,Cancelled
487,Gabriela,Cap-Santé,2.99,Pending
488,Bearnard,Macayug,12.99,Pending
489,Ardene,Shicang,89.99,Pending
490,Sebastien,Áyios Nikólaos,89.99,Pending
491,Haily,Pentaplátano,29.99,Pending
492,Barnaby,Yakovlevskoye,5.49,Cancelled
493,Theodore,Boca Raton,19.99,Cancelled
494,Sonja,La Mula,22.99,Cancelled
495,Eyde,Taiqing,4.49,Pending
496,Arnold,Phú Mỹ,3.49,Pending
497,Kristopher,Nai Harn,49.99,Delivered
498,Kerri,Tombu,4.99,Cancelled
499,Lukas,Vilémov,59.99,Cancelled
500,Lindsey,New Cebu,7.99,Cancelled
501,Aveline,Chinchero,3.29,Cancelled
502,Fred,San Diego,25.99,Pending
503,Gavin,Vredenburg,3.49,Delivered
504,Delmore,Järfälla,3.49,Pending
505,Adaline,Sattahip,99.99,Delivered
506,Vite,Venâncio Aires,3.29,Cancelled
507,Keene,Mqabba,14.99,Pending
508,Pattie,Lafayette,14.99,Pending
509,Ailyn,Lantera,29.99,Cancelled
510,Craggie,Al ‘Ayzarīyah,22.99,Delivered
511,Margaretha,Stochov,3.49,Pending
512,Codi,Koroyo,6.29,Cancelled
513,Yance,Satte,14.99,Cancelled
514,Devan,Stockholm,22.99,Cancelled
515,Jsandye,Tepal,39.99,Cancelled
516,Charmine,Yujiao,6.99,Cancelled
517,Spense,Łodygowice,24.99,Pending
518,Dorelle,Mrgavan,39.99,Pending
519,Stinky,Wuxihe,34.99,Cancelled
520,April,Talodi,2.49,Delivered
521,Mahmoud,Fanrong,4.49,Cancelled
522,Kerk,Bandar-e Lengeh,59.99,Cancelled
523,Bobine,Ishiki,19.99,Delivered
524,Emmey,Geidam,3.29,Cancelled
525,Feodor,Ko Chan,3.99,Pending
526,Jackquelin,Nihaona,19.99,Delivered
527,Abner,Orosh,3.29,Cancelled
528,Danica,Dongming Chengguanzhen,4.49,Delivered
529,Royall,Ruy Barbosa,89.99,Pending
530,Fax,Tamisan,19.99,Cancelled
531,Christos,Tawala,9.99,Pending
532,Linnell,Jokkmokk,3.49,Pending
533,Laurice,Praia das Maçãs,29.99,Pending
534,Vonnie,Alto del Espino,59.99,Cancelled
535,Kara,Gandekan,19.99,Cancelled
536,Simona,Caromatan,24.99,Delivered
537,Holly,Shatoja,9.99,Delivered
538,Hendrick,Tanjung,5.99,Delivered
539,Saunderson,Pinheiro Machado,3.29,Pending
540,Ferdy,Kranj,3.49,Pending
541,Hardy,At Tibnī,4.99,Delivered
542,Naoma,Sukadana,49.99,Cancelled
543,Aubert,Nazca,29.99,Delivered
544,Carla,Ryazanskiy,5.49,Cancelled
545,Kirby,Wołczyn,39.99,Delivered
546,Kelley,Rio Claro,6.99,Pending
547,Concordia,Saltsjöbaden,4.29,Delivered
548,Victoria,Ishqoshim,249.99,Pending
549,Alaine,Qinghua,39.99,Pending
550,Jeniffer,Farah,19.99,Pending
551,Chuck,San Isidro,19.99,Delivered
552,Oralia,Dorogobuzh,3.49,Pending
553,Gayleen,Licheng,2.79,Delivered
554,Jayne,Mora,49.99,Delivered
555,Keri,Itapira,1.29,Pending
556,Cal,Kagoshima-shi,4.29,Delivered
557,Gun,Woerden,24.99,Pending
558,Falkner,Aleksandrovsk-Sakhalinskiy,12.99,Delivered
559,Bernelle,Dzvinogrud,6.49,Pending
560,Mela,Nakhon Pathom,6.99,Pending
561,Susan,Bailieborough,5.99,Cancelled
562,Fidelia,Rio Covo ( Santa Eulália ),18.99,Cancelled
563,Rivi,Birendranagar,1.99,Delivered
564,Eward,Morden,39.99,Delivered
565,Jamill,Hwangju-ŭp,19.99,Pending
566,Hartley,Kugri,24.99,Cancelled
567,Leonid,Cabugao,3.49,Pending
568,Joanie,Jaworzyna Śląska,79.99,Cancelled
569,Giselbert,Bueng Sam Phan,3.99,Delivered
570,Yankee,Yevpatoriya,24.99,Pending
571,Graehme,Yiyang,8.99,Cancelled
572,Sonny,Bolong,3.99,Delivered
573,Vladamir,Ouidah,2.99,Cancelled
574,Kliment,Capão da Canoa,39.99,Delivered
575,Dino,Sabá,5.49,Pending
576,Adah,Kabare,6.99,Pending
577,Emylee,Polańczyk,2.49,Pending
578,Bianka,Fentange,14.99,Pending
579,Violante,Tvøroyri,34.99,Delivered
580,Hildagarde,Zoumachang,1.29,Cancelled
581,Celie,Baicaogou,34.99,Cancelled
582,Teddie,Karjalohja,15.99,Cancelled
583,Lanae,Nawābganj,5.49,Pending
584,Renado,Pondokdalem,6.49,Delivered
585,Rod,Cigarogol,29.99,Cancelled
586,Yves,Hexi,39.99,Delivered
587,Euphemia,Lankaran,9.99,Delivered
588,Stephana,Gjinkar,12.99,Pending
589,Tresa,Koson,15.99,Pending
590,Armin,Cidade Velha,3.29,Pending
591,Drud,Vyselki,3.49,Cancelled
592,Carney,Sarnów,18.99,Delivered
593,Kimmi,Montes Velhos,39.99,Cancelled
594,Alastair,Taboc,1.79,Pending
595,Pebrook,Zhourui,4.99,Delivered
596,Jeffry,Kotayk’,45,Pending
597,Charissa,Pontinha,19.99,Cancelled
598,Othello,Zhougao,12.99,Pending
599,Latisha,Freixo de Numão,12.99,Delivered
600,Nanete,Staré Křečany,3.99,Pending
601,Derick,Iquipi,39.99,Pending
602,Kalindi,Petro-Slavyanka,39.99,Cancelled
603,Paddy,Cigadung,89.99,Cancelled
604,Dermot,Chervonopartyzans’k,9.99,Cancelled
605,Cedric,Yashiga,4.29,Cancelled
606,Kimbra,Caxias,5.49,Pending
607,Mina,Bitkine,3.99,Delivered
608,Celeste,Umeå,35.99,Cancelled
609,Sella,Ganlin,6.49,Pending
610,Venita,Umuarama,24.99,Pending
611,Orazio,Jaboatão,39.99,Delivered
612,Sheeree,Tongzhong,24.99,Pending
613,Hilde,Pasaco,24.99,Delivered
614,Riley,Xincheng Chengguanzhen,14.99,Pending
615,Ronny,Vischongo,3.99,Pending
616,Carlin,Pittsburgh,129.99,Cancelled
617,Gibby,Nossebro,14.99,Cancelled
618,Farah,Tacarigua,15.99,Pending
619,Marylee,Coloncito,39.99,Pending
620,Marget,København,29.99,Delivered
621,Shamus,Petropavlovskaya,2.49,Delivered
622,Mikol,Funza,3.39,Delivered
623,Dilan,Manga,4.19,Pending
624,Elton,Vasil’yevskiy Mokh,5.49,Delivered
625,Crystal,Baddomalhi,4.49,Pending
626,Florrie,Zhouhu,2.99,Pending
627,Doug,Krasnokholmskiy,3.49,Pending
628,Travus,Mtwara,49.99,Cancelled
629,Gaylor,Jastrzębia Góra,24.99,Pending
630,Claiborn,Mahates,7.99,Cancelled
631,Fraser,Telde,299.99,Pending
632,Philippe,Gowurdak,69.99,Delivered
633,Row,Kokkónion,99.99,Pending
634,Renaldo,Kon Dơng,19.99,Pending
635,Ced,Stříbro,1.99,Delivered
636,Chrissy,Turbaco,4.99,Delivered
637,Haslett,Yuncheng,129.99,Delivered
638,Roxanna,Ryczywół,22.99,Pending
639,Brigham,Ungheni,19.99,Pending
640,Ariana,Červenka,4.49,Delivered
641,Melvin,Turar Ryskulov,12.99,Pending
642,Lowrance,General Conesa,7.99,Delivered
643,Noach,Hailang,19.99,Delivered
644,Zacharia,Vaiņode,4.19,Cancelled
645,Vassili,Kuangshan,9.99,Delivered
646,Cassius,Chimoio,79.99,Cancelled
647,Johannes,Xipu,99.99,Pending
648,Jocelin,Almargem do Bispo,39.99,Cancelled
649,Humfrid,Saint-Priest,29.99,Pending
650,Kristin,Osiedle-Nowiny,4.99,Cancelled
651,Verna,Trhové Sviny,1.79,Cancelled
652,Kaylil,Geneng,49.99,Delivered
653,Wandis,Sunampe,4.89,Delivered
654,Margaretha,Pau,19.99,Cancelled
655,Berne,Iranduba,1.99,Delivered
656,Riobard,Longnawang,5.49,Delivered
657,Marget,Lebane,2.49,Cancelled
658,Netty,Stanisław Górny,2.99,Pending
659,Galina,Hanyuan,54.99,Delivered
660,Lanie,Bechlín,18.99,Cancelled
661,Ardith,Tawangrejo,34.99,Delivered
662,Coreen,Weiting,2.99,Cancelled
663,Chase,Pasirmalang,6.49,Cancelled
664,Caryl,Magumeri,12.99,Pending
665,Shelli,Wenxi,29.99,Pending
666,Gal,Želiv,149.99,Delivered
667,Halimeda,Nguken,2.29,Cancelled
668,Melessa,Shenshu,3.99,Delivered
669,Elnar,Şafāshahr,3.89,Pending
670,Rosamund,Shanshi,39.99,Pending
671,Wheeler,Gading,4.99,Delivered
672,Henrik,Jatisari,5.99,Pending
673,Birk,Kadumelati,3.99,Cancelled
674,Shawnee,Pīr jo Goth,29.99,Pending
675,Queenie,Irákleion,34.99,Delivered
676,Berni,La Ravoire,4.99,Pending
677,Hewitt,Scholkine,69.99,Pending
678,Trev,Shuya,39.99,Cancelled
679,Nicki,Talangnan,2.99,Pending
680,Saba,Jakšić,3.99,Delivered
681,Denni,Mella,39.99,Cancelled
682,Loralee,Kisangani,3.29,Cancelled
683,Liana,Aganan,5.49,Cancelled
684,Link,Kushiro,5.99,Cancelled
685,Berne,Šenkovec,18.99,Pending
686,Olia,Xiacaoqiao,79.99,Pending
687,Rodina,Bombu,1.49,Cancelled
688,Claudina,Paizhou,39.99,Cancelled
689,Roanne,Malhão,49.99,Pending
690,Alleyn,Dugu,299.99,Delivered
691,Kippar,Budapest,4.49,Cancelled
692,Gregory,Saint-Laurent-Blangy,5.99,Delivered
693,Omar,Wanfang,5.49,Cancelled
694,Zonnya,Jrashen,3.49,Cancelled
695,Shell,Växjö,39.99,Delivered
696,Deni,Yevpatoriya,49.99,Cancelled
697,Jakie,Yŏnan-ŭp,2.49,Delivered
698,Alejandro,Sepit,29.99,Cancelled
699,Boone,Chengjiang,2.99,Delivered
700,Essa,Gedaliang,3.99,Pending
701,Rori,Banyuurip,59.99,Pending
702,Coralie,Kagawasan,69.99,Pending
703,Mikel,Santiago de los Caballeros,59.99,Delivered
704,Humberto,Chengyang,1.29,Pending
705,Desiri,Paris La Défense,34.99,Cancelled
706,Jacques,Casa Nova,59.99,Cancelled
707,Hillyer,Bateria,9.99,Pending
708,Gale,Frankfurt am Main,12.99,Delivered
709,Linzy,Wang Muang,6.99,Pending
710,Delilah,Petauke,19.99,Delivered
711,Darryl,Huashixia,24.99,Pending
712,Immanuel,Jincun,5.99,Delivered
713,Adriana,Taranovskoye,1.79,Pending
714,Peyter,Santo Niño,3.99,Delivered
715,Inger,Cochrane,12.99,Delivered
716,Agace,Kuwayris Sharqī,19.99,Delivered
717,Dorothea,Santa Cruz do Sul,1.29,Pending
718,Lombard,Savannakhét,19.99,Cancelled
719,Vin,Enskede,2.29,Delivered
720,Tedmund,Gununganyar,39.99,Pending
721,Clementine,Langkaplancar,39.99,Pending
722,Loni,Taza,39.99,Pending
723,Krystyna,Tsagaannuur,3.29,Cancelled
724,Morten,Kanginan,59.99,Cancelled
725,Martita,Nikolayevsk,24.99,Pending
726,Lionel,Yanjiang,4.99,Cancelled
727,Rocky,Soraya,1.99,Pending
728,Lindsey,Xilong,34.99,Pending
729,Dannye,Blobo,1.79,Delivered
730,Grantley,Cibeureum,39.99,Pending
731,Thacher,Longgao,2.99,Delivered
732,Belva,Thap Khlo,22.99,Delivered
733,Hubert,Słubice,24.99,Cancelled
734,Bendix,Las Tunas,3.49,Pending
735,Shelagh,Corgo,149.99,Pending
736,Deb,Nyagla,3.99,Cancelled
737,Guido,Gaurnadi,24.99,Delivered
738,Zeke,Yurla,3.49,Delivered
739,Bessie,Iwade,18.99,Cancelled
740,Leigh,Idanre,4.99,Pending
741,Si,Jejkowice,34.99,Cancelled
742,Dean,Zhangfang,19.99,Pending
743,Cari,Newala Kisimani,3.69,Cancelled
744,Ozzie,Pantang,34.99,Delivered
745,Katuscha,Maralal,49.99,Cancelled
746,Ware,Tycheró,49.99,Pending
747,Adolpho,Voloka,4.29,Pending
748,Crin,Ulbroka,29.99,Delivered
749,Sidonia,Arnelas,1.49,Pending
750,Amory,Örebro,89.99,Delivered
751,Hilly,Mang’it Shahri,3.69,Pending
752,Sabina,Sangtian,29.99,Pending
753,Justin,Ariguaní,29.99,Cancelled
754,Estele,Trá Mhór,3.49,Pending
755,Logan,Oranjestad,4.99,Cancelled
756,Gwynne,Segbwema,5.49,Pending
757,Fayth,Maracha,399.99,Cancelled
758,Sansone,Alphen aan den Rijn,24.99,Delivered
759,Teena,Palamadu,4.99,Delivered
760,Giffy,Pindangan Centro,5.49,Pending
761,Drud,Yegorlykskaya,4.99,Pending
762,Ulrica,Akron,9.99,Cancelled
763,Johnathan,Babakan,4.49,Cancelled
764,Dwight,Pengilon,44.99,Delivered
765,Marissa,Jīwani,5.99,Cancelled
766,Jeth,Denver,29.99,Cancelled
767,Ainslie,Jidd Ḩafş,79.99,Pending
768,Aleen,Hirado,3.39,Cancelled
769,Francene,Oster,49.99,Cancelled
770,Carroll,Umbultanjung,34.99,Cancelled
771,Billie,Butwāl,2.69,Pending
772,Marilin,Västerås,25.99,Pending
773,Julina,Yanjiatai,299.99,Pending
774,Edmon,Phu Phiang,6.99,Delivered
775,Keslie,Ḩukūmat-e Shīnkaī,1.29,Delivered
776,Janina,San Casimiro,18.99,Pending
777,Ciel,Oxelösund,3.99,Pending
778,Adrianne,Itaocara,3.79,Delivered
779,Adelice,Xijiang,5.49,Delivered
780,Claudie,Vespasiano,349.99,Cancelled
781,Ewart,Pilar do Sul,4.49,Pending
782,Lydon,Borek,34.99,Pending
783,Alvinia,Sennoy,3.99,Delivered
784,Shannan,Bezons,12.99,Pending
785,Frederich,Geneng,3.99,Delivered
786,Dael,Zorgo,5.99,Delivered
787,Rosa,Ratchaburi,6.49,Delivered
788,Stacey,El Triunfo de la Cruz,79.99,Delivered
789,Archaimbaud,Parabcan,2.29,Delivered
790,Mavis,Arroyo Naranjo,3.49,Delivered
791,Ilysa,Houten,8.99,Delivered
792,Madge,Orange Farm,4.49,Cancelled
793,Tresa,Taboão da Serra,2.99,Delivered
794,Brandice,Campraksanta,34.99,Cancelled
795,Marietta,Nazareth,149.99,Delivered
796,Cordey,Rathnew,199.99,Cancelled
797,Gwenette,Verkhniy Baskunchak,3.99,Delivered
798,Vanessa,Sulyukta,9.99,Cancelled
799,Kele,Kyriáki,6.99,Delivered
800,Darnell,Kabinda,49.99,Pending
801,Leonore,Temuco,2.99,Delivered
802,Mellicent,Åhus,89.99,Pending
803,Elmore,Pervomayskoye,12.99,Cancelled
804,Mordecai,Yetang,69.99,Cancelled
805,Grove,Skuodas,4.99,Pending
806,Augie,Sacsamarca,4.29,Delivered
807,Evangelin,El Cardo,29.99,Delivered
808,Ronald,Nicolas Bravo,10.99,Delivered
809,Babita,Nanshi,2.99,Pending
810,Ulysses,Gowarczów,3.69,Pending
811,Joanne,Bayt ‘Īnūn,22.99,Pending
812,Gerhardine,Chengzhong,49.99,Pending
813,Douglas,Cikiruh Wetan,89.99,Cancelled
814,Esdras,Choropampa,4.99,Delivered
815,Josie,Biyan,1.99,Delivered
816,Kelli,Boyeros,4.99,Pending
817,Gwendolin,Västerås,5.49,Pending
818,Eduino,Dolinsk,12.99,Cancelled
819,Thorvald,Sakété,29.99,Delivered
820,Gherardo,Caiyuan,29.99,Pending
821,Harli,Fushan,3.49,Delivered
822,Janifer,Vykhino-Zhulebino,89.99,Cancelled
823,Paule,Emiliano Zapata,3.99,Cancelled
824,Mamie,Skanör,3.29,Pending
825,Terza,Laojie,19.99,Cancelled
826,Jeanna,Den Haag,49.99,Pending
827,Agneta,Kafr Zībād,59.99,Pending
828,Anissa,Baitao,3.99,Delivered
829,Zared,Poděbrady,4.99,Delivered
830,Remus,Xinzhan,2.49,Pending
831,Rudyard,Guangfu,2.29,Cancelled
832,Theobald,Sobreda,39.99,Delivered
833,Steve,El Tabo,7.99,Delivered
834,Westleigh,Anyang,2.49,Pending
835,Avrit,Mayisad,4.49,Cancelled
836,Zsa zsa,Kumai,5.49,Delivered
837,Erna,Kozelets’,19.99,Pending
838,Harrietta,Taozhuang,49.99,Pending
839,Hattie,Kapotnya,7.99,Pending
840,Antonia,Taourirt,3.79,Cancelled
841,Dewitt,Fucheng,99.99,Cancelled
842,Jacob,Kuzhorskaya,29.99,Cancelled
843,Thedric,Wilga,24.99,Pending
844,Kaylyn,Itaocara,12.99,Cancelled
845,Alvy,Trzcińsko Zdrój,20.99,Delivered
846,Twila,Viamão,8.49,Cancelled
847,Lizzy,Duncans,5.99,Pending
848,Merwyn,Kyŏngsŏng,4.29,Cancelled
849,Dannye,Sumusţā as Sulţānī,8.99,Pending
850,Ruttger,Dowan,24.99,Delivered
851,Zachary,Qusar,2.29,Cancelled
852,Iorgos,Besançon,29.99,Cancelled
853,Adela,Villeneuve-la-Garenne,2.49,Cancelled
854,Kora,Shuibian,29.99,Pending
855,Ettie,Sacramento,29.99,Pending
856,Enrique,Asnières-sur-Seine,5.99,Delivered
857,Jacquenette,Shizuishan,19.99,Delivered
858,Edouard,Bourges,2.69,Delivered
859,Lauritz,Manis Mekarwangi,7.99,Pending
860,Mallory,Brotas,32.99,Pending
861,Teresina,Pare,19.99,Pending
862,Claudelle,Luokou,12.99,Delivered
863,Kaitlin,Mulanje,5.89,Cancelled
864,Tory,Táriba,129.99,Delivered
865,Kaleena,São Silvestre,24.99,Pending
866,Nolana,Gordeyevka,69.99,Pending
867,Lorrin,Fantino,39.99,Delivered
868,Rebeka,Jiaqiao,7.99,Cancelled
869,Rosco,Montague,4.99,Pending
870,Caryn,São Luís de Montes Belos,3.59,Pending
871,Tate,Şafāshahr,7.49,Pending
872,Kassi,Alīābad,49.99,Cancelled
873,Ellswerth,Besançon,4.49,Cancelled
874,Katuscha,Beijiang,3.49,Cancelled
875,Philippa,Fufang,1.99,Cancelled
876,Catrina,Carman,19.99,Delivered
877,Moss,Gândara de Aquém,3.49,Pending
878,Evered,Taipingying,1.89,Cancelled
879,Alden,Gobernador Ingeniero Valentín Virasoro,1.99,Cancelled
880,Jacquie,Daguma,3.29,Pending
881,Jacob,Haishan,19.99,Pending
882,Ardyce,Calheta,1.99,Pending
883,Casey,Fanzhuang,2.79,Pending
884,Thaddeus,Akita,3.99,Pending
885,Glyn,Tanahwurung,49.99,Pending
886,Even,Motrico,3.99,Pending
887,Dawn,5 de Mayo,39.99,Pending
888,Porter,San Sebastián,59.99,Cancelled
889,Garret,Staroderevyankovskaya,8.99,Delivered
890,Kim,Fornos de Algodres,4.89,Pending
891,Marge,Atiquizaya,4.99,Cancelled
892,Rowland,Chixi,44.99,Cancelled
893,Lilly,Pizhanka,34.99,Pending
894,Ebonee,Bakung,8.99,Pending
895,Dall,Tallahassee,1.79,Delivered
896,Durward,Rizal,5.99,Pending
897,Dulcia,Kallar Kahār,4.99,Pending
898,Rudy,Guanfang,89,Cancelled
899,Myrle,Železniki,4.29,Pending
900,Emera,Yunlu,29.99,Pending
901,Norris,Bayan Hure,5.99,Delivered
902,Ulric,Xiamayu,8.99,Pending
903,Tallie,Nong Khaem,159.99,Delivered
904,Tye,Callahuanca,3.5,Cancelled
905,Randolph,Beitou,39.99,Delivered
906,Reece,Puqi,4.49,Cancelled
907,Em,Aso,49.99,Cancelled
908,Luigi,Týrnavos,10.99,Pending
909,Irina,Bry-sur-Marne,12.99,Delivered
910,Aurora,Yangmaogong,59.99,Pending
911,Cos,Guangpu,2.99,Pending
912,Griswold,Martyush,3.29,Cancelled
913,Lorene,Eha Amufu,29.99,Cancelled
914,Sara-ann,Magog,19.99,Pending
915,Leah,Rennes,2.99,Cancelled
916,Emile,Helmsange,3.49,Pending
917,Kiah,Lyon,4.29,Cancelled
918,Dagny,Khok Charoen,19.99,Delivered
919,Marijn,Rakičan,1.49,Delivered
920,Carma,Balas,29.99,Cancelled
921,Padriac,Itapecuru Mirim,19.99,Cancelled
922,Raymond,Yanshang,24.99,Pending
923,Nehemiah,Bodĭ,3.49,Delivered
924,Yul,Ostrov,49.99,Delivered
925,Aime,Duobaoshan,4.79,Pending
926,Waiter,Vanderhoof,3.29,Cancelled
927,Neely,Ryazanskiy,5.99,Pending
928,Junie,Néos Oropós,129.99,Pending
929,Salomon,Nikel’,22.99,Cancelled
930,Susy,Honglu,19.99,Cancelled
931,Merell,Fier-Çifçi,29.99,Pending
932,Stanly,Zhangdian,2.29,Pending
933,Sheffie,Santo Amaro,19.99,Pending
934,Ceciley,Norrtälje,2.69,Pending
935,Ailina,Couto,9.99,Cancelled
936,Dougie,Peimei,18.99,Delivered
937,Carlynn,Aluminé,3.99,Delivered
938,Nellie,Mashtūl as Sūq,59.99,Delivered
939,Davidde,Tuanalepe,4.99,Delivered
940,Lewiss,Gushikawa,2.49,Delivered
941,Nat,Dmitriyevskoye,129.99,Pending
942,Loren,Monguno,39.99,Pending
943,Ernesto,Vyksa,26.99,Pending
944,Dukie,Obernai,29.99,Cancelled
945,Burke,Vila Moreira,39.99,Cancelled
946,Britteny,Starigrad,39.99,Delivered
947,Korrie,Tarbes,24.99,Cancelled
948,Cosette,Pledo,3.19,Delivered
949,Creigh,Foluo,5.49,Pending
950,Loleta,Póvoa,29.99,Cancelled
951,Isis,Kiili,19.99,Cancelled
952,Benson,Xiting,49.99,Cancelled
953,Karol,Ulluaya,3.49,Delivered
954,Lulita,Dubno,12.99,Delivered
955,Phylys,Domaradz,99.99,Cancelled
956,Terrance,El Copey,24.99,Delivered
957,Frederick,Ridderkerk,49.99,Pending
958,Betteanne,Rio Negrinho,3.99,Delivered
959,Carma,Piteå,18.99,Cancelled
960,Quent,Nowe Brzesko,3.79,Delivered
961,Bogart,Moravský Písek,4.29,Pending
962,Harmonia,Kimovsk,22.99,Pending
963,Davis,Mỹ Tho,19.99,Cancelled
964,Bond,Rondonópolis,3.49,Pending
965,Waiter,Montecristi,199.99,Delivered
966,Urson,Benito Juarez,19.99,Cancelled
967,Floyd,Babakan,99.99,Pending
968,Mike,Vale de Touros,4.99,Pending
969,Drew,Pétange,12.99,Delivered
970,Nealy,Jiangyan,2.79,Delivered
971,Worthington,Altan-Ovoo,2.99,Delivered
972,Alicia,Zhonggang,34.99,Cancelled
973,Ethelred,Ono,2.99,Cancelled
974,Winfred,Jinji,22.99,Pending
975,Cletis,Butembo,9.99,Cancelled
976,Illa,Berbek,17.99,Delivered
977,Roselle,Pasirdalem,3.49,Cancelled
978,Hyacintha,Vagney,2.99,Delivered
979,Tiebout,Saint-Pierre-Montlimart,2.59,Delivered
980,Carlynne,San Antonio Aguas Calientes,1.99,Delivered
981,Ario,Palma Gil,5.99,Delivered
982,Dagny,Stepnogorsk,2.49,Cancelled
983,Loni,Enschede,64.99,Delivered
984,Corny,Maloma,22.99,Cancelled
985,Tedra,Yanmen,2.89,Delivered
986,Denys,Colomiers,59.99,Cancelled
987,Cristina,Baton Rouge,3.19,Delivered
988,Joyous,Portel,299.99,Cancelled
989,Vernen,Courtaboeuf,29.99,Delivered
990,Fabiano,Papilawe,24.99,Cancelled
991,Gustie,Middleton,9.99,Delivered
992,Jazmin,Kebunkelapa,5.99,Cancelled
993,Christina,Pathein,39.99,Cancelled
994,Kathryne,Jetis,29.99,Delivered
995,Josi,Heka,24.99,Delivered
996,Meta,Sanquan,3.99,Pending
997,Price,Oeleon,12.99,Cancelled
998,Kira,Cambas,25.99,Pending
999,Margy,Morden,4.49,Delivered
1000,Desiree,Boucinha,3.49,Pending
